Season,MVP
2025,
2024,jokicni01
2023,embiijo01
2022,jokicni01
2021,jokicni01
2020,antetgi01
2019,antetgi01
2018,hardeja01
2017,westbru01
2016,curryst01
2015,curryst01
2014,duranke01
2013,jamesle01
2012,jamesle01
2011,rosede01
2010,jamesle01
2009,jamesle01
2008,bryanko01
2007,nowitdi01
2006,nashst01
2005,nashst01
2004,garneke01
2003,duncati01
2002,duncati01
2001,iversal01
2000,onealsh01
1999,malonka01
1998,jordami01
1997,malonka01
1996,jordami01
1995,robinda01
1994,olajuha01
1993,barklch01
1992,jordami01
1991,jordami01
1990,johnsma02
1989,johnsma02
1988,jordami01
1987,johnsma02
1986,birdla01
1985,birdla01
1984,birdla01
1983,malonmo01
1982,malonmo01
1981,ervinju01
1980,abdulka01
1979,malonmo01
1978,waltobi01
1977,abdulka01
1976,abdulka01
1976,ervinju01
1975,mcadobo01
1975,ervinju01
1974,abdulka01
1974,ervinju01
1973,cowenda01
1973,cunnibi01
1972,abdulka01
1972,gilmoar01
1971,abdulka01
1971,danieme01
1970,reedwi01
1970,haywosp01
1969,unselwe01
1969,danieme01
1968,chambwi01
1968,hawkico01
1967,chambwi01
1966,chambwi01
1965,russebi01
1964,roberos01
1963,russebi01
1962,russebi01
1961,russebi01
1960,chambwi01
1959,pettibo01
1958,russebi01
1957,cousybo01
1956,pettibo01
1955,
1954,
1953,
1952,
1951,
1950,
1949,
1948,
1947,
